{"pps": {"single": 0.07823469012987949, "married, no kids": 0.0002483737880144554, "not married, no kids": 8.34637417967965e-06, "married, with kids": 0.0019463989849827223, "not married, with kids": 0.00017198660676454036, "single parent": 0.09634274639382556, "other": 0.012546255763974834, "total": 0.04191462055566897}, "corr_coefs": {"single": -0.27970464803052497, "married, no kids": 0.015759879060903325, "not married, no kids": 0.0028890092038094646, "married, with kids": -0.044118012024372016, "not married, with kids": 0.013114366426358798, "single parent": -0.3103912795067299, "other": -0.11201006992219514, "total": -0.20473060483393588, "average woz value": 1.0}, "vif": {"single": 1142.382384135935, "married, no kids": 35.84361541057653, "not married, no kids": 89.7550716895822, "married, with kids": 81.42156947150713, "not married, with kids": 18.790187449471187, "single parent": 44.95508868729081, "other": 8.54460318724958, "total": 3835.9999919161396}, "collinearity": "{\"single\":{\"single\":1.0,\"married, no kids\":0.5322810404,\"not married, no kids\":0.8058958107,\"married, with kids\":0.3709254209,\"not married, with kids\":0.4709286661,\"single parent\":0.5754822227,\"other\":0.6863256948,\"total\":0.9326976028},\"married, no kids\":{\"single\":0.5322810404,\"married, no kids\":1.0,\"not married, no kids\":0.4749945022,\"married, with kids\":0.7742450013,\"not married, with kids\":0.6965325566,\"single parent\":0.5903472585,\"other\":0.5799417806,\"total\":0.737843634},\"not married, no kids\":{\"single\":0.8058958107,\"married, no kids\":0.4749945022,\"not married, no kids\":1.0,\"married, with kids\":0.3283668316,\"not married, with kids\":0.512828381,\"single parent\":0.3931622166,\"other\":0.7202999354,\"total\":0.8204014273},\"married, with kids\":{\"single\":0.3709254209,\"married, no kids\":0.7742450013,\"not married, no kids\":0.3283668316,\"married, with kids\":1.0,\"not married, with kids\":0.8024759737,\"single parent\":0.6719652668,\"other\":0.5542077597,\"total\":0.6512797835},\"not married, with kids\":{\"single\":0.4709286661,\"married, no kids\":0.6965325566,\"not married, no kids\":0.512828381,\"married, with kids\":0.8024759737,\"not married, with kids\":1.0,\"single parent\":0.7083249994,\"other\":0.5739394433,\"total\":0.7142940525},\"single parent\":{\"single\":0.5754822227,\"married, no kids\":0.5903472585,\"not married, no kids\":0.3931622166,\"married, with kids\":0.6719652668,\"not married, with kids\":0.7083249994,\"single parent\":1.0,\"other\":0.6275482036,\"total\":0.7403421243},\"other\":{\"single\":0.6863256948,\"married, no kids\":0.5799417806,\"not married, no kids\":0.7202999354,\"married, with kids\":0.5542077597,\"not married, with kids\":0.5739394433,\"single parent\":0.6275482036,\"other\":1.0,\"total\":0.7903528351},\"total\":{\"single\":0.9326976028,\"married, no kids\":0.737843634,\"not married, no kids\":0.8204014273,\"married, with kids\":0.6512797835,\"not married, with kids\":0.7142940525,\"single parent\":0.7403421243,\"other\":0.7903528351,\"total\":1.0}}"}