{"coefficient_of_determination": 0.16456753460716866, "mean_absolute_error": 127351.50604978263}